URL,Version,Status,OIDs,Name,Title,Description,Uses,Used,Sources
http://hl7.org/fhir/ValueSet/administrative-gender,4.0.1,active,"2.16.840.1.113883.4.642.3.1",AdministrativeGender,AdministrativeGender,"The gender of a person used for administrative purposes.","StructureDefinition/onc-nhs-patient","hl7.fhir.r4.core"
http://hl7.org/fhir/ValueSet/body-site,4.0.1,draft,"2.16.840.1.113883.4.642.3.141",SNOMEDCTBodyStructures,SNOMED CT Body Structures,"This value set includes all codes from [SNOMED CT](http://snomed.info/sct) where concept is-a 442083009 (Anatomical or acquired body site (body structure)).","StructureDefinition/onc-bladder-assessment,StructureDefinition/onc-nursing-assessment,StructureDefinition/onc-braden-scale-assessment,StructureDefinition/onc-sleep-pattern,StructureDefinition/onc-inspired-oxygen,StructureDefinition/onc-respiration-rate,StructureDefinition/onc-morse-fall-scale,StructureDefinition/onc-skintone-observation,StructureDefinition/onc-goal-evaluation,StructureDefinition/onc-seizure-record,StructureDefinition/onc-oxygen-saturation,StructureDefinition/onc-patient-story,StructureDefinition/onc-clinical-frailty-scale,StructureDefinition/onc-abc-chart,StructureDefinition/onc-oral-care-assessment,StructureDefinition/onc-bowel-assessment,StructureDefinition/onc-news2-score,StructureDefinition/onc-nursing-problem,StructureDefinition/onc-pain-assessment,StructureDefinition/onc-news2-subscore,StructureDefinition/onc-wound-assessment,StructureDefinition/onc-nursing-intervention,StructureDefinition/onc-must-score,StructureDefinition/onc-qsofa,StructureDefinition/onc-what-matters,StructureDefinition/onc-reasonable-adjustment,StructureDefinition/onc-fluid-balance,StructureDefinition/onc-blood-pressure,StructureDefinition/onc-acvpu,StructureDefinition/onc-relational-observation,StructureDefinition/onc-continence-assessment,StructureDefinition/onc-bristol-stool-chart,StructureDefinition/onc-oral-health,StructureDefinition/onc-mental-capacity,StructureDefinition/onc-catheter-care,StructureDefinition/onc-oral-intake-assessment,StructureDefinition/onc-device-use-statement,StructureDefinition/onc-urinalysis,StructureDefinition/onc-medication-self-admin,StructureDefinition/onc-medication-ability,StructureDefinition/onc-mmse,StructureDefinition/onc-swallowing-assessment,StructureDefinition/onc-mobility-assessment,StructureDefinition/onc-4at-delirium,StructureDefinition/onc-monk-skintone-observation,StructureDefinition/onc-hygiene-assessment,StructureDefinition/onc-barthel-index,StructureDefinition/onc-body-temperature,StructureDefinition/onc-glasgow-coma-scale,StructureDefinition/onc-abbey-pain-scale,StructureDefinition/onc-dietary-requirements,StructureDefinition/onc-waterlow-score,StructureDefinition/onc-heart-rate","SCT"
http://hl7.org/fhir/ValueSet/clinical-findings,4.0.1,draft,"2.16.840.1.113883.4.642.3.232",SNOMEDCTClinicalFindings,SNOMED CT Clinical Findings,"This value set includes all the ""Clinical finding"" [SNOMED CT](http://snomed.info/sct) codes - concepts where concept is-a 404684003 (Clinical finding (finding)).","StructureDefinition/onc-nursing-goal","SCT"
http://hl7.org/fhir/ValueSet/clinicalimpression-status,4.0.1,draft,"2.16.840.1.113883.4.642.3.1046",ClinicalImpressionStatus,Clinical Impression Status,"Codes that reflect the current state of a clinical impression within its overall lifecycle.","StructureDefinition/onc-nursing-clinical-impression","hl7.fhir.r4.core"
http://hl7.org/fhir/ValueSet/condition-clinical,4.0.1,draft,"2.16.840.1.113883.4.642.3.164",ConditionClinicalStatusCodes,Condition Clinical Status Codes,"Preferred value set for Condition Clinical Status.","StructureDefinition/onc-nursing-problem","THO"
http://hl7.org/fhir/ValueSet/condition-code,4.0.1,draft,"2.16.840.1.113883.4.642.3.161",Condition/Problem/DiagnosisCodes,Condition/Problem/Diagnosis Codes,"Example value set for Condition/Problem/Diagnosis codes.","StructureDefinition/onc-nursing-intervention,StructureDefinition/onc-nursing-clinical-impression","SCT"
http://hl7.org/fhir/ValueSet/condition-severity,4.0.1,draft,"2.16.840.1.113883.4.642.3.168",Condition/DiagnosisSeverity,Condition/Diagnosis Severity,"Preferred value set for Condition/Diagnosis severity grading.","StructureDefinition/onc-nursing-problem","SCT"
http://hl7.org/fhir/ValueSet/condition-stage,4.0.1,draft,"2.16.840.1.113883.4.642.3.170",ConditionStage,Condition Stage,"Example value set for stages of cancer and other conditions.","StructureDefinition/onc-nursing-problem","SCT"
http://hl7.org/fhir/ValueSet/condition-stage-type,4.0.1,draft,"2.16.840.1.113883.4.642.3.171",ConditionStageType,Condition Stage Type,"Example value set for the type of stages of cancer and other conditions","StructureDefinition/onc-nursing-problem","SCT"
http://hl7.org/fhir/ValueSet/condition-ver-status,4.0.1,draft,"2.16.840.1.113883.4.642.3.166",ConditionVerificationStatus,ConditionVerificationStatus,"The verification status to support or decline the clinical status of the condition or diagnosis.","StructureDefinition/onc-nursing-problem","THO"
http://hl7.org/fhir/ValueSet/consistency-type,4.0.1,draft,"2.16.840.1.113883.4.642.3.389",FluidConsistencyTypeCodes,Fluid Consistency Type Codes,"FluidConsistencyType :  Codes used to represent the consistency of fluids and liquids provided to the patient. This value set includes concepts from [SNOMED CT](http://snomed.info/sct)(US Extension) where concept is a 435681000124103  (Dietary liquid consistency diet (regime/therapy)). It is provided as a suggestive example.","StructureDefinition/onc-continence-assessment","SCT"
http://hl7.org/fhir/ValueSet/data-absent-reason,4.0.1,active,"2.16.840.1.113883.4.642.3.5",DataAbsentReason,DataAbsentReason,"Used to specify why the normally expected content of the data element is missing.","StructureDefinition/onc-bladder-assessment,StructureDefinition/onc-nursing-assessment,StructureDefinition/onc-braden-scale-assessment,StructureDefinition/onc-sleep-pattern,StructureDefinition/onc-inspired-oxygen,StructureDefinition/onc-respiration-rate,StructureDefinition/onc-morse-fall-scale,StructureDefinition/onc-skintone-observation,StructureDefinition/onc-goal-evaluation,StructureDefinition/onc-seizure-record,StructureDefinition/onc-oxygen-saturation,StructureDefinition/onc-patient-story,StructureDefinition/onc-clinical-frailty-scale,StructureDefinition/onc-abc-chart,StructureDefinition/onc-oral-care-assessment,StructureDefinition/onc-bowel-assessment,StructureDefinition/onc-news2-score,StructureDefinition/onc-pain-assessment,StructureDefinition/onc-news2-subscore,StructureDefinition/onc-wound-assessment,StructureDefinition/onc-must-score,StructureDefinition/onc-qsofa,StructureDefinition/onc-what-matters,StructureDefinition/onc-reasonable-adjustment,StructureDefinition/onc-fluid-balance,StructureDefinition/onc-blood-pressure,StructureDefinition/onc-acvpu,StructureDefinition/onc-relational-observation,StructureDefinition/onc-continence-assessment,StructureDefinition/onc-bristol-stool-chart,StructureDefinition/onc-oral-health,StructureDefinition/onc-mental-capacity,StructureDefinition/onc-catheter-care,StructureDefinition/onc-oral-intake-assessment,StructureDefinition/onc-urinalysis,StructureDefinition/onc-medication-self-admin,StructureDefinition/onc-medication-ability,StructureDefinition/onc-mmse,StructureDefinition/onc-swallowing-assessment,StructureDefinition/onc-mobility-assessment,StructureDefinition/onc-4at-delirium,StructureDefinition/onc-monk-skintone-observation,StructureDefinition/onc-hygiene-assessment,StructureDefinition/onc-barthel-index,StructureDefinition/onc-body-temperature,StructureDefinition/onc-glasgow-coma-scale,StructureDefinition/onc-abbey-pain-scale,StructureDefinition/onc-dietary-requirements,StructureDefinition/onc-waterlow-score,StructureDefinition/onc-heart-rate","THO"
http://hl7.org/fhir/ValueSet/device-action,4.0.1,draft,"2.16.840.1.113883.4.642.3.425",ProcedureDeviceActionCodes,Procedure Device Action Codes,"Example codes indicating the change that happened to the device during the procedure.  Note that these are in no way complete and might not even be appropriate for some uses.","StructureDefinition/onc-nursing-intervention","SCT"
http://hl7.org/fhir/ValueSet/device-kind,4.0.1,draft,"2.16.840.1.113883.4.642.3.208",FHIRDeviceTypes,FHIR Device Types,"Codes used to identify medical devices. Includes concepts from SNOMED CT (http://www.snomed.org/) where concept is-a 49062001 (Device)  and is provided as a suggestive example.","StructureDefinition/onc-nursing-intervention","SCT"
http://hl7.org/fhir/ValueSet/device-statement-status,4.0.1,draft,"2.16.840.1.113883.4.642.3.214",DeviceUseStatementStatus,DeviceUseStatementStatus,"A coded concept indicating the current status of the Device Usage.","StructureDefinition/onc-device-use-statement","hl7.fhir.r4.core"
http://hl7.org/fhir/ValueSet/event-status,4.0.1,draft,"2.16.840.1.113883.4.642.3.109",EventStatus,EventStatus,"Codes identifying the lifecycle stage of an event.","StructureDefinition/onc-nursing-intervention","hl7.fhir.r4.core"
http://hl7.org/fhir/ValueSet/goal-achievement,4.0.1,draft,"2.16.840.1.113883.4.642.3.1374",GoalAchievementStatus,Goal achievement status,"Describes the progression, or lack thereof, towards the goal against the target.","StructureDefinition/onc-nursing-goal","THO"
http://hl7.org/fhir/ValueSet/goal-category,4.0.1,draft,"2.16.840.1.113883.4.642.3.275",GoalCategory,Goal category,"Example codes for grouping goals to use for filtering or presentation.","StructureDefinition/onc-nursing-goal","THO"
http://hl7.org/fhir/ValueSet/goal-priority,4.0.1,draft,"2.16.840.1.113883.4.642.3.273",GoalPriority,Goal priority,"Indicates the level of importance associated with reaching or sustaining a goal.","StructureDefinition/onc-nursing-goal","THO"
http://hl7.org/fhir/ValueSet/goal-start-event,4.0.1,draft,"2.16.840.1.113883.4.642.3.279",GoalStartEvent,Goal start event,"Identifies types of events that might trigger the start of a goal.","StructureDefinition/onc-nursing-goal","SCT"
http://hl7.org/fhir/ValueSet/goal-status,4.0.1,draft,"2.16.840.1.113883.4.642.3.271",GoalLifecycleStatus,GoalLifecycleStatus,"Codes that reflect the current state of a goal and whether the goal is still being targeted.","StructureDefinition/onc-nursing-goal","hl7.fhir.r4.core"
http://hl7.org/fhir/ValueSet/investigation-sets,4.0.1,draft,"2.16.840.1.113883.4.642.3.157",InvestigationType,Investigation Type,"Example value set for investigation type.","StructureDefinition/onc-nursing-clinical-impression","SCT"
http://hl7.org/fhir/ValueSet/languages,4.0.1,draft,"2.16.840.1.113883.4.642.3.20",CommonLanguages,Common Languages,"This value set includes common codes from BCP-47 (http://tools.ietf.org/html/bcp47)","StructureDefinition/onc-bladder-assessment,StructureDefinition/onc-nursing-assessment,StructureDefinition/onc-braden-scale-assessment,StructureDefinition/onc-sleep-pattern,StructureDefinition/onc-inspired-oxygen,StructureDefinition/onc-respiration-rate,StructureDefinition/onc-morse-fall-scale,StructureDefinition/onc-skintone-observation,StructureDefinition/onc-goal-evaluation,StructureDefinition/onc-seizure-record,StructureDefinition/onc-oxygen-saturation,StructureDefinition/onc-patient-story,StructureDefinition/onc-clinical-frailty-scale,StructureDefinition/onc-abc-chart,StructureDefinition/onc-oral-care-assessment,StructureDefinition/onc-bowel-assessment,StructureDefinition/onc-news2-score,StructureDefinition/onc-nursing-problem,StructureDefinition/onc-nursing-clinical-impression,StructureDefinition/onc-pain-assessment,StructureDefinition/onc-nursing-goal,StructureDefinition/onc-news2-subscore,StructureDefinition/onc-wound-assessment,StructureDefinition/onc-nursing-intervention,StructureDefinition/onc-must-score,StructureDefinition/onc-qsofa,StructureDefinition/onc-what-matters,StructureDefinition/onc-reasonable-adjustment,StructureDefinition/onc-fluid-balance,StructureDefinition/onc-blood-pressure,StructureDefinition/onc-acvpu,StructureDefinition/onc-relational-observation,StructureDefinition/onc-continence-assessment,StructureDefinition/onc-bristol-stool-chart,StructureDefinition/onc-oral-health,StructureDefinition/onc-nhs-patient,StructureDefinition/onc-mental-capacity,StructureDefinition/onc-catheter-care,StructureDefinition/onc-oral-intake-assessment,StructureDefinition/onc-device-use-statement,StructureDefinition/onc-urinalysis,StructureDefinition/onc-medication-self-admin,StructureDefinition/onc-medication-ability,StructureDefinition/onc-mmse,StructureDefinition/onc-swallowing-assessment,StructureDefinition/onc-mobility-assessment,StructureDefinition/onc-4at-delirium,StructureDefinition/onc-monk-skintone-observation,StructureDefinition/onc-hygiene-assessment,StructureDefinition/onc-barthel-index,StructureDefinition/onc-body-temperature,StructureDefinition/onc-glasgow-coma-scale,StructureDefinition/onc-abbey-pain-scale,StructureDefinition/onc-dietary-requirements,StructureDefinition/onc-waterlow-score,StructureDefinition/onc-heart-rate","Other"
http://hl7.org/fhir/ValueSet/link-type,4.0.1,active,"2.16.840.1.113883.4.642.3.423",LinkType,LinkType,"The type of link between this patient resource and another patient resource.","StructureDefinition/onc-nhs-patient","hl7.fhir.r4.core"
http://hl7.org/fhir/ValueSet/manifestation-or-symptom,4.0.1,draft,"2.16.840.1.113883.4.642.3.169",ManifestationAndSymptomCodes,Manifestation and Symptom Codes,"Example value set for Manifestation and Symptom codes.","StructureDefinition/onc-nursing-problem","SCT"
http://hl7.org/fhir/ValueSet/marital-status,4.0.1,active,"2.16.840.1.113883.4.642.3.29",Marital Status Codes,MaritalStatus,"This value set defines the set of codes that can be used to indicate the marital status of a person.","StructureDefinition/onc-nhs-patient","THO (V3)"
http://hl7.org/fhir/ValueSet/observation-category,4.0.1,draft,"2.16.840.1.113883.4.642.3.403",ObservationCategoryCodes,Observation Category Codes,"Observation Category codes.","StructureDefinition/onc-bladder-assessment,StructureDefinition/onc-nursing-assessment,StructureDefinition/onc-braden-scale-assessment,StructureDefinition/onc-sleep-pattern,StructureDefinition/onc-inspired-oxygen,StructureDefinition/onc-respiration-rate,StructureDefinition/onc-morse-fall-scale,StructureDefinition/onc-skintone-observation,StructureDefinition/onc-goal-evaluation,StructureDefinition/onc-seizure-record,StructureDefinition/onc-oxygen-saturation,StructureDefinition/onc-patient-story,StructureDefinition/onc-clinical-frailty-scale,StructureDefinition/onc-abc-chart,StructureDefinition/onc-oral-care-assessment,StructureDefinition/onc-bowel-assessment,StructureDefinition/onc-news2-score,StructureDefinition/onc-pain-assessment,StructureDefinition/onc-news2-subscore,StructureDefinition/onc-wound-assessment,StructureDefinition/onc-must-score,StructureDefinition/onc-qsofa,StructureDefinition/onc-what-matters,StructureDefinition/onc-reasonable-adjustment,StructureDefinition/onc-fluid-balance,StructureDefinition/onc-blood-pressure,StructureDefinition/onc-acvpu,StructureDefinition/onc-relational-observation,StructureDefinition/onc-continence-assessment,StructureDefinition/onc-bristol-stool-chart,StructureDefinition/onc-oral-health,StructureDefinition/onc-mental-capacity,StructureDefinition/onc-catheter-care,StructureDefinition/onc-oral-intake-assessment,StructureDefinition/onc-urinalysis,StructureDefinition/onc-medication-self-admin,StructureDefinition/onc-medication-ability,StructureDefinition/onc-mmse,StructureDefinition/onc-swallowing-assessment,StructureDefinition/onc-mobility-assessment,StructureDefinition/onc-4at-delirium,StructureDefinition/onc-monk-skintone-observation,StructureDefinition/onc-hygiene-assessment,StructureDefinition/onc-barthel-index,StructureDefinition/onc-body-temperature,StructureDefinition/onc-glasgow-coma-scale,StructureDefinition/onc-abbey-pain-scale,StructureDefinition/onc-dietary-requirements,StructureDefinition/onc-waterlow-score,StructureDefinition/onc-heart-rate","THO"
http://hl7.org/fhir/ValueSet/observation-codes,4.0.1,draft,"2.16.840.1.113883.4.642.3.396",LOINCCodes,LOINC Codes,"This value set includes all LOINC codes","StructureDefinition/onc-bladder-assessment,StructureDefinition/onc-nursing-assessment,StructureDefinition/onc-braden-scale-assessment,StructureDefinition/onc-sleep-pattern,StructureDefinition/onc-inspired-oxygen,StructureDefinition/onc-respiration-rate,StructureDefinition/onc-morse-fall-scale,StructureDefinition/onc-skintone-observation,StructureDefinition/onc-goal-evaluation,StructureDefinition/onc-seizure-record,StructureDefinition/onc-oxygen-saturation,StructureDefinition/onc-patient-story,StructureDefinition/onc-clinical-frailty-scale,StructureDefinition/onc-abc-chart,StructureDefinition/onc-oral-care-assessment,StructureDefinition/onc-bowel-assessment,StructureDefinition/onc-news2-score,StructureDefinition/onc-pain-assessment,StructureDefinition/onc-news2-subscore,StructureDefinition/onc-wound-assessment,StructureDefinition/onc-must-score,StructureDefinition/onc-qsofa,StructureDefinition/onc-what-matters,StructureDefinition/onc-reasonable-adjustment,StructureDefinition/onc-fluid-balance,StructureDefinition/onc-blood-pressure,StructureDefinition/onc-acvpu,StructureDefinition/onc-relational-observation,StructureDefinition/onc-continence-assessment,StructureDefinition/onc-bristol-stool-chart,StructureDefinition/onc-oral-health,StructureDefinition/onc-mental-capacity,StructureDefinition/onc-catheter-care,StructureDefinition/onc-oral-intake-assessment,StructureDefinition/onc-urinalysis,StructureDefinition/onc-medication-self-admin,StructureDefinition/onc-medication-ability,StructureDefinition/onc-mmse,StructureDefinition/onc-swallowing-assessment,StructureDefinition/onc-mobility-assessment,StructureDefinition/onc-4at-delirium,StructureDefinition/onc-monk-skintone-observation,StructureDefinition/onc-hygiene-assessment,StructureDefinition/onc-barthel-index,StructureDefinition/onc-body-temperature,StructureDefinition/onc-glasgow-coma-scale,StructureDefinition/onc-abbey-pain-scale,StructureDefinition/onc-dietary-requirements,StructureDefinition/onc-waterlow-score,StructureDefinition/onc-heart-rate","LOINC"
http://hl7.org/fhir/ValueSet/observation-interpretation,4.0.1,active,"2.16.840.1.113883.4.642.3.399",ObservationInterpretationCodes,Observation Interpretation Codes,"A categorical assessment, providing a rough qualitative interpretation of the observation value,    such as “normal”/ “abnormal”,”low” / “high”, “better” / “worse”, “susceptible” / “resistant”, “expected”/ “not expected”.    The value set is intended to be for ANY use where coded representation of an interpretation is needed.             Notes:          This is being communicated in v2.x in OBX-8 (Observation Interpretation), in v3 in ObservationInterpretation (CWE) in R1 (Representative Realm) and in FHIR in    Observation.interpretation. Historically these values come from the laboratory domain, and these codes are extensively    used. The value set binding is extensible, so codes outside the value set that are needed for interpretation concepts    (i.e. particular meanings) that are not included in the value set can be used, and these new codes may also be added to    the value set and published in a future version.","StructureDefinition/onc-bladder-assessment,StructureDefinition/onc-nursing-assessment,StructureDefinition/onc-braden-scale-assessment,StructureDefinition/onc-sleep-pattern,StructureDefinition/onc-inspired-oxygen,StructureDefinition/onc-respiration-rate,StructureDefinition/onc-morse-fall-scale,StructureDefinition/onc-skintone-observation,StructureDefinition/onc-goal-evaluation,StructureDefinition/onc-seizure-record,StructureDefinition/onc-oxygen-saturation,StructureDefinition/onc-patient-story,StructureDefinition/onc-clinical-frailty-scale,StructureDefinition/onc-abc-chart,StructureDefinition/onc-oral-care-assessment,StructureDefinition/onc-bowel-assessment,StructureDefinition/onc-news2-score,StructureDefinition/onc-pain-assessment,StructureDefinition/onc-news2-subscore,StructureDefinition/onc-wound-assessment,StructureDefinition/onc-must-score,StructureDefinition/onc-qsofa,StructureDefinition/onc-what-matters,StructureDefinition/onc-reasonable-adjustment,StructureDefinition/onc-fluid-balance,StructureDefinition/onc-blood-pressure,StructureDefinition/onc-acvpu,StructureDefinition/onc-relational-observation,StructureDefinition/onc-continence-assessment,StructureDefinition/onc-bristol-stool-chart,StructureDefinition/onc-oral-health,StructureDefinition/onc-mental-capacity,StructureDefinition/onc-catheter-care,StructureDefinition/onc-oral-intake-assessment,StructureDefinition/onc-urinalysis,StructureDefinition/onc-medication-self-admin,StructureDefinition/onc-medication-ability,StructureDefinition/onc-mmse,StructureDefinition/onc-swallowing-assessment,StructureDefinition/onc-mobility-assessment,StructureDefinition/onc-4at-delirium,StructureDefinition/onc-monk-skintone-observation,StructureDefinition/onc-hygiene-assessment,StructureDefinition/onc-barthel-index,StructureDefinition/onc-body-temperature,StructureDefinition/onc-glasgow-coma-scale,StructureDefinition/onc-abbey-pain-scale,StructureDefinition/onc-dietary-requirements,StructureDefinition/onc-waterlow-score,StructureDefinition/onc-heart-rate","THO (V3)"
http://hl7.org/fhir/ValueSet/observation-methods,4.0.1,draft,"2.16.840.1.113883.4.642.3.395",ObservationMethods,Observation Methods,"Observation Method codes from [SNOMED CT](http://snomed.info/sct) where concept is-a 272394005 (Technique (qualifier value)) or is-a 129264002 (Action (qualifier value)) or is-a 386053000 (Evaluation procedure(procedure))","StructureDefinition/onc-bladder-assessment,StructureDefinition/onc-nursing-assessment,StructureDefinition/onc-braden-scale-assessment,StructureDefinition/onc-sleep-pattern,StructureDefinition/onc-inspired-oxygen,StructureDefinition/onc-respiration-rate,StructureDefinition/onc-morse-fall-scale,StructureDefinition/onc-skintone-observation,StructureDefinition/onc-goal-evaluation,StructureDefinition/onc-seizure-record,StructureDefinition/onc-oxygen-saturation,StructureDefinition/onc-patient-story,StructureDefinition/onc-clinical-frailty-scale,StructureDefinition/onc-abc-chart,StructureDefinition/onc-oral-care-assessment,StructureDefinition/onc-bowel-assessment,StructureDefinition/onc-news2-score,StructureDefinition/onc-pain-assessment,StructureDefinition/onc-news2-subscore,StructureDefinition/onc-wound-assessment,StructureDefinition/onc-must-score,StructureDefinition/onc-qsofa,StructureDefinition/onc-what-matters,StructureDefinition/onc-reasonable-adjustment,StructureDefinition/onc-fluid-balance,StructureDefinition/onc-blood-pressure,StructureDefinition/onc-acvpu,StructureDefinition/onc-relational-observation,StructureDefinition/onc-continence-assessment,StructureDefinition/onc-bristol-stool-chart,StructureDefinition/onc-oral-health,StructureDefinition/onc-mental-capacity,StructureDefinition/onc-catheter-care,StructureDefinition/onc-oral-intake-assessment,StructureDefinition/onc-urinalysis,StructureDefinition/onc-medication-self-admin,StructureDefinition/onc-medication-ability,StructureDefinition/onc-mmse,StructureDefinition/onc-swallowing-assessment,StructureDefinition/onc-mobility-assessment,StructureDefinition/onc-4at-delirium,StructureDefinition/onc-monk-skintone-observation,StructureDefinition/onc-hygiene-assessment,StructureDefinition/onc-barthel-index,StructureDefinition/onc-body-temperature,StructureDefinition/onc-glasgow-coma-scale,StructureDefinition/onc-abbey-pain-scale,StructureDefinition/onc-dietary-requirements,StructureDefinition/onc-waterlow-score,StructureDefinition/onc-heart-rate","SCT"
http://hl7.org/fhir/ValueSet/observation-status,4.0.1,active,"2.16.840.1.113883.4.642.3.400",ObservationStatus,ObservationStatus,"Codes providing the status of an observation.","StructureDefinition/onc-bladder-assessment,StructureDefinition/onc-nursing-assessment,StructureDefinition/onc-braden-scale-assessment,StructureDefinition/onc-sleep-pattern,StructureDefinition/onc-inspired-oxygen,StructureDefinition/onc-respiration-rate,StructureDefinition/onc-morse-fall-scale,StructureDefinition/onc-skintone-observation,StructureDefinition/onc-goal-evaluation,StructureDefinition/onc-seizure-record,StructureDefinition/onc-oxygen-saturation,StructureDefinition/onc-patient-story,StructureDefinition/onc-clinical-frailty-scale,StructureDefinition/onc-abc-chart,StructureDefinition/onc-oral-care-assessment,StructureDefinition/onc-bowel-assessment,StructureDefinition/onc-news2-score,StructureDefinition/onc-pain-assessment,StructureDefinition/onc-news2-subscore,StructureDefinition/onc-wound-assessment,StructureDefinition/onc-must-score,StructureDefinition/onc-qsofa,StructureDefinition/onc-what-matters,StructureDefinition/onc-reasonable-adjustment,StructureDefinition/onc-fluid-balance,StructureDefinition/onc-blood-pressure,StructureDefinition/onc-acvpu,StructureDefinition/onc-relational-observation,StructureDefinition/onc-continence-assessment,StructureDefinition/onc-bristol-stool-chart,StructureDefinition/onc-oral-health,StructureDefinition/onc-mental-capacity,StructureDefinition/onc-catheter-care,StructureDefinition/onc-oral-intake-assessment,StructureDefinition/onc-urinalysis,StructureDefinition/onc-medication-self-admin,StructureDefinition/onc-medication-ability,StructureDefinition/onc-mmse,StructureDefinition/onc-swallowing-assessment,StructureDefinition/onc-mobility-assessment,StructureDefinition/onc-4at-delirium,StructureDefinition/onc-monk-skintone-observation,StructureDefinition/onc-hygiene-assessment,StructureDefinition/onc-barthel-index,StructureDefinition/onc-body-temperature,StructureDefinition/onc-glasgow-coma-scale,StructureDefinition/onc-abbey-pain-scale,StructureDefinition/onc-dietary-requirements,StructureDefinition/onc-waterlow-score,StructureDefinition/onc-heart-rate","hl7.fhir.r4.core"
http://hl7.org/fhir/ValueSet/patient-contactrelationship,4.0.1,active,"2.16.840.1.113883.4.642.3.1130",PatientContactRelationship,Patient Contact Relationship ,"The nature of the relationship between the patient and the contact person.","StructureDefinition/onc-nhs-patient","THO (V2)"
http://hl7.org/fhir/ValueSet/performer-role,4.0.1,draft,"2.16.840.1.113883.4.642.3.433",ProcedurePerformerRoleCodes,Procedure Performer Role Codes,"This example value set defines the set of codes that can be used to indicate a role of a procedure performer.","StructureDefinition/onc-nursing-intervention","SCT"
http://hl7.org/fhir/ValueSet/procedure-category,4.0.1,draft,"2.16.840.1.113883.4.642.3.430",ProcedureCategoryCodes(SNOMEDCT),Procedure Category Codes (SNOMED CT),"Procedure Category code: A selection of relevant SNOMED CT codes.","StructureDefinition/onc-nursing-intervention","SCT"
http://hl7.org/fhir/ValueSet/procedure-followup,4.0.1,draft,"2.16.840.1.113883.4.642.3.429",ProcedureFollowUpCodes(SNOMEDCT),Procedure Follow up Codes (SNOMED CT),"Procedure follow up codes: A selection of SNOMED CT codes relevant to procedure follow up.","StructureDefinition/onc-nursing-intervention","SCT"
http://hl7.org/fhir/ValueSet/procedure-not-performed-reason,4.0.1,active,"2.16.840.1.113883.4.642.3.431",ProcedureNotPerformedReason(SNOMED-CT),Procedure Not Performed Reason (SNOMED-CT),"Situation codes describing the reason that a procedure, which might otherwise be expected, was not performed, or a procedure that was started and was not completed. Consists of SNOMED CT codes, children of procedure contraindicated (183932001), procedure discontinued (416406003), procedure not done (416237000), procedure not indicated (428119001), procedure not offered (416064006), procedure not wanted (416432009), procedure refused (183944003), and procedure stopped (394908001).","StructureDefinition/onc-nursing-intervention","SCT"
http://hl7.org/fhir/ValueSet/procedure-outcome,4.0.1,draft,"2.16.840.1.113883.4.642.3.428",ProcedureOutcomeCodes(SNOMEDCT),Procedure Outcome Codes (SNOMED CT),"Procedure Outcome code: A selection of relevant SNOMED CT codes.","StructureDefinition/onc-nursing-intervention","SCT"
http://hl7.org/fhir/ValueSet/procedure-reason,4.0.1,draft,"2.16.840.1.113883.4.642.3.432",ProcedureReasonCodes,Procedure Reason Codes,"This example value set defines the set of codes that can be used to indicate a reason for a procedure.","StructureDefinition/onc-nursing-intervention","SCT"
http://hl7.org/fhir/ValueSet/quantity-comparator,4.0.1,active,"2.16.840.1.113883.4.642.3.59",QuantityComparator,QuantityComparator,"How the Quantity should be understood and represented.","StructureDefinition/onc-wound-assessment,StructureDefinition/onc-must-score,StructureDefinition/onc-qsofa,StructureDefinition/onc-braden-scale-assessment,StructureDefinition/onc-fluid-balance,StructureDefinition/onc-blood-pressure,StructureDefinition/onc-sleep-pattern,StructureDefinition/onc-bristol-stool-chart,StructureDefinition/onc-oral-health,StructureDefinition/onc-inspired-oxygen,StructureDefinition/onc-respiration-rate,StructureDefinition/onc-morse-fall-scale,StructureDefinition/onc-mmse,StructureDefinition/onc-seizure-record,StructureDefinition/onc-4at-delirium,StructureDefinition/onc-oxygen-saturation,StructureDefinition/onc-barthel-index,StructureDefinition/onc-abc-chart,StructureDefinition/onc-body-temperature,StructureDefinition/onc-glasgow-coma-scale,StructureDefinition/onc-abbey-pain-scale,StructureDefinition/onc-news2-score,StructureDefinition/onc-waterlow-score,StructureDefinition/onc-pain-assessment,StructureDefinition/onc-heart-rate,StructureDefinition/onc-news2-subscore","hl7.fhir.r4.core"
http://hl7.org/fhir/ValueSet/referencerange-appliesto,4.0.1,draft,"2.16.840.1.113883.4.642.3.407",ObservationReferenceRangeAppliesToCodes,Observation Reference Range Applies To Codes,"This value set defines a set of codes that can be used to indicate the particular target population the reference range applies to.","StructureDefinition/onc-bladder-assessment,StructureDefinition/onc-nursing-assessment,StructureDefinition/onc-braden-scale-assessment,StructureDefinition/onc-sleep-pattern,StructureDefinition/onc-inspired-oxygen,StructureDefinition/onc-respiration-rate,StructureDefinition/onc-morse-fall-scale,StructureDefinition/onc-skintone-observation,StructureDefinition/onc-goal-evaluation,StructureDefinition/onc-seizure-record,StructureDefinition/onc-oxygen-saturation,StructureDefinition/onc-patient-story,StructureDefinition/onc-clinical-frailty-scale,StructureDefinition/onc-abc-chart,StructureDefinition/onc-oral-care-assessment,StructureDefinition/onc-bowel-assessment,StructureDefinition/onc-news2-score,StructureDefinition/onc-pain-assessment,StructureDefinition/onc-news2-subscore,StructureDefinition/onc-wound-assessment,StructureDefinition/onc-must-score,StructureDefinition/onc-qsofa,StructureDefinition/onc-what-matters,StructureDefinition/onc-reasonable-adjustment,StructureDefinition/onc-fluid-balance,StructureDefinition/onc-blood-pressure,StructureDefinition/onc-acvpu,StructureDefinition/onc-relational-observation,StructureDefinition/onc-continence-assessment,StructureDefinition/onc-bristol-stool-chart,StructureDefinition/onc-oral-health,StructureDefinition/onc-mental-capacity,StructureDefinition/onc-catheter-care,StructureDefinition/onc-oral-intake-assessment,StructureDefinition/onc-urinalysis,StructureDefinition/onc-medication-self-admin,StructureDefinition/onc-medication-ability,StructureDefinition/onc-mmse,StructureDefinition/onc-swallowing-assessment,StructureDefinition/onc-mobility-assessment,StructureDefinition/onc-4at-delirium,StructureDefinition/onc-monk-skintone-observation,StructureDefinition/onc-hygiene-assessment,StructureDefinition/onc-barthel-index,StructureDefinition/onc-body-temperature,StructureDefinition/onc-glasgow-coma-scale,StructureDefinition/onc-abbey-pain-scale,StructureDefinition/onc-dietary-requirements,StructureDefinition/onc-waterlow-score,StructureDefinition/onc-heart-rate","SCT"
http://hl7.org/fhir/ValueSet/referencerange-meaning,4.0.1,draft,"2.16.840.1.113883.4.642.3.397",ObservationReferenceRangeMeaningCodes,Observation Reference Range Meaning Codes,"This value set defines a set of codes that can be used to indicate the meaning/use of a reference range for a particular target population.","StructureDefinition/onc-bladder-assessment,StructureDefinition/onc-nursing-assessment,StructureDefinition/onc-braden-scale-assessment,StructureDefinition/onc-sleep-pattern,StructureDefinition/onc-inspired-oxygen,StructureDefinition/onc-respiration-rate,StructureDefinition/onc-morse-fall-scale,StructureDefinition/onc-skintone-observation,StructureDefinition/onc-goal-evaluation,StructureDefinition/onc-seizure-record,StructureDefinition/onc-oxygen-saturation,StructureDefinition/onc-patient-story,StructureDefinition/onc-clinical-frailty-scale,StructureDefinition/onc-abc-chart,StructureDefinition/onc-oral-care-assessment,StructureDefinition/onc-bowel-assessment,StructureDefinition/onc-news2-score,StructureDefinition/onc-pain-assessment,StructureDefinition/onc-news2-subscore,StructureDefinition/onc-wound-assessment,StructureDefinition/onc-must-score,StructureDefinition/onc-qsofa,StructureDefinition/onc-what-matters,StructureDefinition/onc-reasonable-adjustment,StructureDefinition/onc-fluid-balance,StructureDefinition/onc-blood-pressure,StructureDefinition/onc-acvpu,StructureDefinition/onc-relational-observation,StructureDefinition/onc-continence-assessment,StructureDefinition/onc-bristol-stool-chart,StructureDefinition/onc-oral-health,StructureDefinition/onc-mental-capacity,StructureDefinition/onc-catheter-care,StructureDefinition/onc-oral-intake-assessment,StructureDefinition/onc-urinalysis,StructureDefinition/onc-medication-self-admin,StructureDefinition/onc-medication-ability,StructureDefinition/onc-mmse,StructureDefinition/onc-swallowing-assessment,StructureDefinition/onc-mobility-assessment,StructureDefinition/onc-4at-delirium,StructureDefinition/onc-monk-skintone-observation,StructureDefinition/onc-hygiene-assessment,StructureDefinition/onc-barthel-index,StructureDefinition/onc-body-temperature,StructureDefinition/onc-glasgow-coma-scale,StructureDefinition/onc-abbey-pain-scale,StructureDefinition/onc-dietary-requirements,StructureDefinition/onc-waterlow-score,StructureDefinition/onc-heart-rate","THO"
https://clinyqai.github.io/open-nursing-core-ig/ValueSet/acvpu-vs,0.1.0,draft,,ACVPUValueSet,ACVPU Value Set,"ACVPU consciousness level codes","StructureDefinition/onc-acvpu","SCT"
https://clinyqai.github.io/open-nursing-core-ig/ValueSet/goal-evaluation-valueset,0.1.0,draft,,GoalEvaluationValueSet,Goal Evaluation Value Set,"Value set for evaluating patient goal outcomes","StructureDefinition/onc-goal-evaluation","SCT"
https://clinyqai.github.io/open-nursing-core-ig/ValueSet/housing-status-vs,0.1.0,draft,,HousingStatusVS,Housing Status Value Set,"Value set for patient housing status",,"SCT"
https://clinyqai.github.io/open-nursing-core-ig/ValueSet/inspired-oxygen-vs,0.1.0,draft,,InspiredOxygenValueSet,Inspired Oxygen Value Set,"Codes for inspired oxygen status","StructureDefinition/onc-inspired-oxygen","SCT"
https://clinyqai.github.io/open-nursing-core-ig/ValueSet/news2-code-vs,0.1.0,draft,,NEWS2CodeValueSet,NEWS2 Code Value Set,"LOINC and SNOMED codes for NEWS2",,"Internal"
https://clinyqai.github.io/open-nursing-core-ig/ValueSet/news2-subscore-code-vs,0.1.0,draft,,NEWS2SubscoreCodeValueSet,NEWS2 Sub-Score Codes,"SNOMED codes for NEWS2 sub-scores",,"Internal"
https://clinyqai.github.io/open-nursing-core-ig/ValueSet/nursing-intervention-valueset,0.1.0,draft,,NursingInterventionValueSet,Nursing Intervention Value Set,"Value set for nursing interventions","StructureDefinition/onc-nursing-intervention","SCT"
https://clinyqai.github.io/open-nursing-core-ig/ValueSet/nursing-problem-valueset,0.1.0,draft,,NursingProblemValueSet,Nursing Problem Value Set,"Value set for nursing problems and diagnoses","StructureDefinition/onc-nursing-problem","SCT,Internal"
https://clinyqai.github.io/open-nursing-core-ig/ValueSet/onc-4at-acute-change-vs,0.1.0,draft,,AcuteChangeVS,4AT Acute Change Value Set,"Scoring for Acute Change or Fluctuating Course","StructureDefinition/onc-4at-delirium","SCT"
https://clinyqai.github.io/open-nursing-core-ig/ValueSet/onc-4at-alertness-vs,0.1.0,draft,,AlertnessVS,4AT Alertness Value Set,"Scoring options for 4AT Alertness","StructureDefinition/onc-4at-delirium","SCT,Internal"
https://clinyqai.github.io/open-nursing-core-ig/ValueSet/onc-4at-amt4-vs,0.1.0,draft,,AMT4VS,4AT AMT4 Value Set,"Scoring options for AMT4 (Age, DOB, Place, Year)","StructureDefinition/onc-4at-delirium","SCT"
https://clinyqai.github.io/open-nursing-core-ig/ValueSet/onc-4at-attention-vs,0.1.0,draft,,AttentionVS,4AT Attention Value Set,"Scoring for Months Backwards test","StructureDefinition/onc-4at-delirium","SCT"
https://clinyqai.github.io/open-nursing-core-ig/ValueSet/onc-cfs-vs,0.1.0,draft,,ClinicalFrailtyScaleVS,Clinical Frailty Scale Value Set,"Codes for Rockwood Clinical Frailty Scale (1-9)","StructureDefinition/onc-clinical-frailty-scale","Internal"
https://clinyqai.github.io/open-nursing-core-ig/ValueSet/onc-goal-target-measure-vs,0.1.0,draft,,ONCGoalTargetMeasureVS,Goal Target Measure ValueSet,"Codes used for goal target measures","StructureDefinition/onc-nursing-goal","SCT,LOINC"
https://clinyqai.github.io/open-nursing-core-ig/ValueSet/onc-mca-vs,0.1.0,draft,,MentalCapacityVS,Mental Capacity Finding Value Set,"Codes indicating presence or absence of capacity","StructureDefinition/onc-mental-capacity","Internal"
https://clinyqai.github.io/open-nursing-core-ig/ValueSet/onc-monk-scale-vs,0.1.0,draft,,ONCMonkScaleVS,Monk Skin Tone Scale ValueSet,"","StructureDefinition/onc-monk-skintone-observation","Internal"
https://clinyqai.github.io/open-nursing-core-ig/ValueSet/onc-pbs-function-vs,0.1.0,draft,,PBSFunctionVS,PBS Behaviour Function ValueSet,"Common functions of behaviour (SEAT)","StructureDefinition/onc-abc-chart","Internal"
https://clinyqai.github.io/open-nursing-core-ig/ValueSet/onc-prognosis-vs,0.1.0,draft,,ONCPrognosisVS,Nursing Prognosis ValueSet,"Prognosis codes for clinical impression","StructureDefinition/onc-nursing-clinical-impression","SCT"
https://clinyqai.github.io/open-nursing-core-ig/ValueSet/pain-assessment-code-vs,0.1.0,draft,,PainAssessmentCodeValueSet,Pain Assessment Code Value Set,"LOINC codes for pain severity assessment","StructureDefinition/onc-pain-assessment","LOINC"
https://clinyqai.github.io/open-nursing-core-ig/ValueSet/problem-category-valueset,0.1.0,draft,,ProblemCategoryValueSet,Problem Category Value Set,"Value set for categorizing nursing problems","StructureDefinition/onc-nursing-problem","Internal"
https://clinyqai.github.io/open-nursing-core-ig/ValueSet/skintone-vs,0.1.0,draft,,SkinToneVS,Fitzpatrick Skin Tone Value Set,"Value set for Fitzpatrick skin type classifications","StructureDefinition/onc-skintone-observation","Internal"
https://clinyqai.github.io/open-nursing-core-ig/ValueSet/wound-stage-vs,0.1.0,draft,,WoundStageValueSet,Wound Stage Value Set,"","StructureDefinition/onc-wound-assessment","Internal"
